dataset,arm,model,n,b,c,cells,floor,flip,excess,boot_lo,boot_hi,p_boot,u,u_lo,u_hi
graphqa,direct/-,hf-qwen3-8b-nscale,200,40,5,2,0.06,0.235,0.175,0.0849057,0.275,0,0.129583,0.0714929,0.194182
graphqa,direct/-,hf-deepseek-v3.1-novita,200,12,2,2,0.07,0.12,0.05,0.0141509,0.09,0.0076,0.0183333,0.00235849,0.0359848
graphqa,direct/-,hf-gemma-4-31b,200,1,4,2,0.03,0.015,-0.015,-0.0454545,0.01,0.4124,2.1684e-19,-0.00818452,0.00833333
graphqa,direct/-,hf-deepseek-v4-flash,200,19,2,2,0.05,0.135,0.085,0.0319149,0.147727,0.0008,0.03625,0.0108887,0.0653409
graphqa,direct/-,all,800,72,13,8,0.0525,0.12625,0.07375,0.0305851,0.123478,0,0.0460417,0.024375,0.0707304
graphqa,code/native,hf-qwen3-8b-nscale,200,12,0,2,0.01,0.07,0.06,0.0319149,0.09375,0,0.0366667,0.0150691,0.0658333
graphqa,code/native,hf-deepseek-v3.1-novita,200,7,0,2,0,0.035,0.035,0.00892857,0.0671009,0.0206,0.0266667,0.00314465,0.0535714
graphqa,code/native,hf-gemma-4-31b,200,3,1,2,0.02,0.03,0.01,-0.0106383,0.0357143,0.566,0.0025,-0.00473485,0.0113636
graphqa,code/native,hf-deepseek-v4-flash,200,4,0,2,0.04,0.06,0.02,0.005,0.037234,0.0186,0.00625,-0.00393082,0.0166667
graphqa,code/native,all,800,26,1,8,0.0175,0.04875,0.03125,0.0200472,0.0425,0,0.0180208,0.0106534,0.0258204
graphqa,code/networkx,hf-qwen3-8b-nscale,200,17,0,2,0.05,0.135,0.085,0.0471698,0.127358,0,0.0466667,0.0239362,0.0710586
graphqa,code/networkx,hf-deepseek-v3.1-novita,200,2,0,2,0.01,0.02,0.01,0,0.0243902,0.2304,0.00333333,0,0.00813008
graphqa,code/networkx,hf-gemma-4-31b,200,8,0,2,0.01,0.05,0.04,0.015,0.0681818,0.0008,0.0283333,0.00628931,0.0565476
graphqa,code/networkx,hf-deepseek-v4-flash,200,4,6,2,0.07,0.06,-0.01,-0.0478723,0.025,0.7068,0.00416667,-0.00541667,0.0145833
graphqa,code/networkx,all,800,31,6,8,0.035,0.06625,0.03125,0.01375,0.0475,0.0006,0.020625,0.0119555,0.0299727
erdos,direct/-,hf-qwen3-8b-nscale,200,48,4,2,0.28,0.5,0.22,0.15,0.29,0,0.190833,0.140417,0.243344
erdos,direct/-,hf-deepseek-v3.1-novita,200,12,1,2,0.07,0.125,0.055,0.02,0.095,0.0018,0.0270833,0.00666667,0.0516667
erdos,direct/-,hf-gemma-4-31b,200,8,0,2,0.015,0.055,0.04,0.01,0.075,0.0042,0.0233333,0.005,0.0475
erdos,direct/-,hf-deepseek-v4-flash,200,19,7,2,0.13,0.19,0.06,0.01,0.11,0.02,0.0408333,0.01375,0.0720833
erdos,direct/-,all,800,87,12,8,0.12375,0.2175,0.09375,0.06625,0.1225,0,0.0705208,0.0507292,0.0922943
erdos,code/native,hf-qwen3-8b-nscale,200,21,1,2,0.005,0.105,0.1,0.05,0.16,0,0.04875,0.0220833,0.08
erdos,code/native,hf-deepseek-v3.1-novita,200,6,0,2,0.005,0.035,0.03,0.005,0.065,0.0324,0.0195833,0.00125,0.0441667
erdos,code/native,hf-gemma-4-31b,200,6,0,2,0,0.03,0.03,0.005,0.065,0.0324,0.02,0.00166667,0.045
erdos,code/native,hf-deepseek-v4-flash,200,8,4,2,0.03,0.05,0.02,-0.015,0.06,0.36,0.0183333,-0.00125,0.0433333
erdos,code/native,all,800,41,5,8,0.01,0.055,0.045,0.01625,0.08,0.0004,0.0266667,0.00791667,0.0514583
erdos,code/networkx,hf-qwen3-8b-nscale,200,22,1,2,0.28,0.385,0.105,0.055,0.16,0,0.0639583,0.0341615,0.098125
erdos,code/networkx,hf-deepseek-v3.1-novita,200,10,2,2,0.01,0.05,0.04,0,0.085,0.0618,0.0275,0.00458333,0.0558333
erdos,code/networkx,hf-gemma-4-31b,200,8,0,2,0,0.04,0.04,0.01,0.08,0.0102,0.0233333,0.00333333,0.0483333
erdos,code/networkx,hf-deepseek-v4-flash,200,7,0,2,0.01,0.045,0.035,0.005,0.075,0.0324,0.02125,0.00291667,0.04625
erdos,code/networkx,all,800,47,3,8,0.075,0.13,0.055,0.02375,0.09375,0,0.0340104,0.0144271,0.0586979
