dataset,model,arm,axis,n,n_clusters,floor,flip,excess,b,c,wald_lo,wald_hi,p_exact,p_midp,p_clustered,boot_lo,boot_hi,d_within,d_across,u,u_lo,u_hi,q_bh,holm,wald_sig,midp_sig,bh_sig,boot_sig
graphqa,hf-qwen3-8b-nscale,direct/-,relabel,100,16,0.06,0.24,0.18,21,3,0.0902463,0.269754,0.000277162,0.000156522,0.0143059,0.07,0.292453,0.0333333,0.161667,0.128333,0.0690894,0.190252,0.00187826,True,True,True,True,True
graphqa,hf-qwen3-8b-nscale,direct/-,order,100,16,0.06,0.23,0.17,19,2,0.0861703,0.25383,0.000221252,0.000121117,0.0112701,0.0795455,0.272749,0.0333333,0.164167,0.130833,0.0621057,0.206857,0.00187826,True,True,True,True,True
graphqa,hf-qwen3-8b-nscale,code/networkx,relabel,100,16,0.03,0.13,0.1,10,0,0.0409038,0.159096,0.00195312,0.000976562,0.0015654,0.0638298,0.13,0.0183333,0.0758333,0.0575,0.0308333,0.0866667,0.009375,True,True,True,True,True
graphqa,hf-qwen3-8b-nscale,code/networkx,order,100,16,0.03,0.12,0.09,9,0,0.0336258,0.146374,0.00390625,0.00195312,0.0201368,0.0357143,0.159091,0.0183333,0.0791667,0.0608333,0.0266667,0.0975379,0.0133929,False,True,True,True,True
graphqa,hf-qwen3-8b-nscale,code/native,relabel,100,16,0.01,0.08,0.07,7,0,0.0197392,0.120261,0.015625,0.0078125,0.00815097,0.0340909,0.106383,0.005,0.0491667,0.0441667,0.0203901,0.0708355,0.0416667,False,True,True,True,True
graphqa,hf-qwen3-8b-nscale,code/native,order,100,16,0.01,0.06,0.05,5,0,0.00706759,0.0929324,0.0625,0.03125,0.0587817,0.01,0.1,0.005,0.0341667,0.0291667,0.0035461,0.0666667,0.107143,False,True,True,False,True
graphqa,hf-deepseek-v3.1-novita,direct/-,relabel,100,16,0.07,0.14,0.07,8,1,0.012535,0.127465,0.0390625,0.0214844,0.0196307,0.0283019,0.12,0.0416667,0.0675,0.0258333,0.00833333,0.0440252,0.0793269,False,True,True,False,True
graphqa,hf-deepseek-v3.1-novita,direct/-,order,100,16,0.07,0.1,0.03,4,1,-0.0136495,0.0736495,0.375,0.21875,0.179712,-0.0106383,0.0714286,0.0416667,0.0525,0.0108333,-0.01,0.0363475,0.428571,False,False,False,False,False
graphqa,hf-deepseek-v3.1-novita,code/networkx,relabel,100,16,0.01,0.03,0.02,2,0,-0.00757824,0.0475782,0.5,0.25,0.157299,0,0.0487805,0.005,0.0125,0.0075,0,0.0166667,0.428571,False,False,False,False,False
graphqa,hf-deepseek-v3.1-novita,code/networkx,order,100,16,0.01,0.01,0,0,0,0,0,1,1,1,0,0,0.005,0.0025,-0.0025,-0.00797872,0,1,False,False,False,False,False
graphqa,hf-deepseek-v3.1-novita,code/native,relabel,100,16,0,0.04,0.04,4,0,0.00139851,0.0786015,0.125,0.0625,0.0455003,0.00998585,0.0754717,0,0.0266667,0.0266667,0.00595238,0.0533333,0.166667,False,True,False,False,True
graphqa,hf-deepseek-v3.1-novita,code/native,order,100,16,0,0.03,0.03,3,0,-0.00360354,0.0636035,0.25,0.125,0.0832645,0,0.0625,0,0.0266667,0.0266667,0,0.0566667,0.272727,False,False,False,False,False
graphqa,hf-gemma-4-31b,direct/-,relabel,100,16,0.03,0.01,-0.02,0,2,-0.0475782,0.00757824,0.5,0.25,0.157299,-0.0487805,0,0.0166667,0.015,-0.00166667,-0.00943396,0.00583333,0.428571,False,False,False,False,False
graphqa,hf-gemma-4-31b,direct/-,order,100,16,0.03,0.02,-0.01,1,2,-0.0440623,0.0240623,1,0.625,0.563703,-0.0446429,0.0227273,0.0166667,0.0183333,0.00166667,-0.00786164,0.0124113,0.857143,False,False,False,False,False
graphqa,hf-gemma-4-31b,code/networkx,relabel,100,16,0.01,0.05,0.04,4,0,0.00139851,0.0786015,0.125,0.0625,0.0455003,0.01,0.0744681,0.005,0.0341667,0.0291667,0.00443262,0.0589623,0.166667,False,True,False,False,True
graphqa,hf-gemma-4-31b,code/networkx,order,100,16,0.01,0.05,0.04,4,0,0.00139851,0.0786015,0.125,0.0625,0.0455003,0.01,0.0754717,0.005,0.0325,0.0275,0.00443262,0.0550321,0.166667,False,True,False,False,True
graphqa,hf-gemma-4-31b,code/native,relabel,100,16,0.02,0.04,0.02,2,0,-0.00757824,0.0475782,0.5,0.25,0.157299,0,0.05,0.01,0.015,0.005,-0.00284091,0.0151515,0.428571,False,False,False,False,False
graphqa,hf-gemma-4-31b,code/native,order,100,16,0.02,0.02,0,1,1,-0.0278582,0.0278582,1,1,1,-0.0283443,0.0283019,0.01,0.01,0,-0.00797872,0.00916667,1,False,False,False,False,False
graphqa,hf-deepseek-v4-flash,direct/-,relabel,100,16,0.05,0.15,0.1,11,1,0.0346667,0.165333,0.00634766,0.00341797,0.0184221,0.04,0.170213,0.03,0.0716667,0.0416667,0.00786164,0.0809748,0.0205078,False,True,True,True,True
graphqa,hf-deepseek-v4-flash,direct/-,order,100,16,0.05,0.12,0.07,8,1,0.012535,0.127465,0.0390625,0.0214844,0.0522036,0.0106383,0.132075,0.03,0.0608333,0.0308333,0.00378619,0.0602837,0.0793269,False,True,True,False,True
graphqa,hf-deepseek-v4-flash,code/networkx,relabel,100,16,0.07,0.05,-0.02,0,2,-0.0475782,0.00757824,0.5,0.25,0.157299,-0.0487805,0,0.0433333,0.0425,-0.000833333,-0.00786164,0.00666667,0.428571,False,False,False,False,False
graphqa,hf-deepseek-v4-flash,code/networkx,order,100,16,0.07,0.07,0,4,4,-0.0557165,0.0557165,1,1,1,-0.0566038,0.0566038,0.0433333,0.0525,0.00916667,-0.0070922,0.0265957,1,False,False,False,False,False
graphqa,hf-deepseek-v4-flash,code/native,relabel,100,16,0.04,0.07,0.03,3,0,-0.00360354,0.0636035,0.25,0.125,0.0832645,0,0.0625,0.0216667,0.0341667,0.0125,-0.00314465,0.0293561,0.272727,False,False,False,False,False
graphqa,hf-deepseek-v4-flash,code/native,order,100,16,0.04,0.05,0.01,1,0,-0.0096,0.0296,1,0.5,0.317311,0,0.0319149,0.0216667,0.0216667,5.55112e-19,-0.0102201,0.0131579,0.727273,False,False,False,False,False
erdos,hf-qwen3-8b-nscale,direct/-,relabel,100,100,0.28,0.52,0.24,26,2,0.147102,0.332898,3.03239e-06,1.62423e-06,5.74471e-06,0.15,0.33,0.188333,0.415,0.226667,0.159167,0.298333,7.79629e-05,True,True,True,True,True
erdos,hf-qwen3-8b-nscale,direct/-,order,100,100,0.26,0.46,0.2,22,2,0.111905,0.288095,3.5882e-05,1.94311e-05,4.45571e-05,0.12,0.29,0.181667,0.334167,0.1525,0.0991667,0.2125,0.000466347,True,True,True,True,True
erdos,hf-qwen3-8b-nscale,code/networkx,relabel,100,100,0.04,0.13,0.09,12,3,0.0157956,0.164204,0.0351562,0.0212708,0.0201368,0.02,0.16,0.0233333,0.0866667,0.0633333,0.0241667,0.11,0.0793269,False,True,True,False,True
erdos,hf-qwen3-8b-nscale,code/networkx,order,100,100,0.04,0.15,0.11,12,1,0.0423613,0.177639,0.00341797,0.00183105,0.00228194,0.05,0.18,0.02,0.08,0.06,0.025,0.1025,0.0133929,False,True,True,True,True
erdos,hf-qwen3-8b-nscale,code/native,relabel,100,100,0.01,0.08,0.07,8,1,0.012535,0.127465,0.0390625,0.0214844,0.0196307,0.02,0.13,0.005,0.0358333,0.0308333,0.00833333,0.06,0.0793269,False,True,True,False,True
erdos,hf-qwen3-8b-nscale,code/native,order,100,100,0,0.04,0.04,4,0,0.00139851,0.0786015,0.125,0.0625,0.0455003,0.01,0.08,0,0.0166667,0.0166667,0.00333333,0.0366667,0.166667,False,True,False,False,True
erdos,hf-deepseek-v3.1-novita,direct/-,relabel,100,100,0.04,0.09,0.05,6,1,-0.00117883,0.101179,0.125,0.0703125,0.0587817,0,0.1,0.0333333,0.0491667,0.0158333,-0.00333333,0.0383333,0.177632,False,False,False,False,False
erdos,hf-deepseek-v3.1-novita,direct/-,order,100,100,0.05,0.06,0.01,1,0,-0.0096,0.0296,1,0.5,0.317311,0,0.03,0.0333333,0.0366667,0.00333333,-0.00916667,0.02,0.727273,False,False,False,False,False
erdos,hf-deepseek-v3.1-novita,code/networkx,relabel,100,100,0.01,0.01,0,1,1,-0.0278582,0.0278582,1,1,1,-0.03,0.03,0.005,0.00583333,0.000833333,-0.0075,0.01,1,False,False,False,False,False
erdos,hf-deepseek-v3.1-novita,code/networkx,order,100,100,0.01,0.02,0.01,2,1,-0.0240623,0.0440623,1,0.625,0.563703,-0.02,0.05,0.005,0.0158333,0.0108333,-0.005,0.0358333,0.857143,False,False,False,False,False
erdos,hf-deepseek-v3.1-novita,code/native,relabel,100,100,0,0,0,0,0,0,0,1,1,1,0,0,0,0,0,0,0,1,False,False,False,False,False
erdos,hf-deepseek-v3.1-novita,code/native,order,100,100,0.01,0.01,0,0,0,0,0,1,1,1,0,0,0.005,0.00416667,-0.000833333,-0.0025,0,1,False,False,False,False,False
erdos,hf-gemma-4-31b,direct/-,relabel,100,100,0.02,0.02,0,1,1,-0.0278582,0.0278582,1,1,1,-0.03,0.03,0.0116667,0.0158333,0.00416667,-0.00333333,0.0141667,1,False,False,False,False,False
erdos,hf-gemma-4-31b,direct/-,order,100,100,0.01,0.02,0.01,1,0,-0.0096,0.0296,1,0.5,0.317311,0,0.03,0.005,0.0075,0.0025,-0.0025,0.01,0.727273,False,False,False,False,False
erdos,hf-gemma-4-31b,code/networkx,relabel,100,100,0,0.01,0.01,1,0,-0.0096,0.0296,1,0.5,0.317311,0,0.03,0,0.00333333,0.00333333,0,0.01,0.727273,False,False,False,False,False
erdos,hf-gemma-4-31b,code/networkx,order,100,100,0,0,0,0,0,0,0,1,1,1,0,0,0,0,0,0,0,1,False,False,False,False,False
erdos,hf-gemma-4-31b,code/native,relabel,100,100,0,0,0,0,0,0,0,1,1,1,0,0,0,0,0,0,0,1,False,False,False,False,False
erdos,hf-gemma-4-31b,code/native,order,100,100,0,0,0,0,0,0,0,1,1,1,0,0,0,0,0,0,0,1,False,False,False,False,False
erdos,hf-deepseek-v4-flash,direct/-,relabel,100,100,0.09,0.15,0.06,9,3,-0.00720707,0.127207,0.145996,0.0922852,0.0832645,-0.01,0.13,0.0583333,0.0875,0.0291667,0.00166667,0.06,0.221484,False,False,False,False,False
erdos,hf-deepseek-v4-flash,direct/-,order,100,100,0.1,0.13,0.03,6,3,-0.0288,0.0888,0.507812,0.34375,0.317311,-0.03,0.09,0.0683333,0.0866667,0.0183333,-0.00583333,0.0483333,0.568966,False,False,False,False,False
erdos,hf-deepseek-v4-flash,code/networkx,relabel,100,100,0.01,0.01,0,0,0,0,0,1,1,1,0,0,0.005,0.00583333,0.000833333,0,0.0025,1,False,False,False,False,False
erdos,hf-deepseek-v4-flash,code/networkx,order,100,100,0.01,0.01,0,0,0,0,0,1,1,1,0,0,0.00666667,0.005,-0.00166667,-0.005,0,1,False,False,False,False,False
erdos,hf-deepseek-v4-flash,code/native,relabel,100,100,0.03,0.03,0,2,2,-0.0393975,0.0393975,1,1,1,-0.04,0.04,0.015,0.0175,0.0025,-0.00833333,0.015,1,False,False,False,False,False
erdos,hf-deepseek-v4-flash,code/native,order,100,100,0.03,0.01,-0.02,0,2,-0.0475782,0.00757824,0.5,0.25,0.157299,-0.05,0,0.015,0.00916667,-0.00583333,-0.0133333,0,0.428571,False,False,False,False,False
