model,scope,level,cells,floor,flip,excess,boot_lo,boot_hi,p_boot,u,u_lo,u_hi
hf-qwen3-8b-nscale,all,all,12,0.114167,0.238333,0.124167,0.0979597,0.15197,0,0.0860764,0.0677778,0.106074
hf-deepseek-v3.1-novita,all,all,12,0.0275,0.0641667,0.0366667,0.0199838,0.0553579,0,0.0204167,0.00931705,0.0334722
hf-gemma-4-31b,all,all,12,0.0125,0.0366667,0.0241667,0.00996212,0.0419643,0,0.01625,0.00625,0.0290278
hf-deepseek-v4-flash,all,all,12,0.055,0.09,0.035,0.014734,0.0563687,0.0004,0.0211806,0.0106716,0.0342465
hf-qwen3-8b-nscale,dataset,graphqa,6,0.04,0.146667,0.106667,0.0683333,0.148936,0,0.0709722,0.0444435,0.102222
hf-deepseek-v3.1-novita,dataset,graphqa,6,0.0266667,0.0583333,0.0316667,0.0116667,0.0533333,0.001,0.0161111,0.00445493,0.029877
hf-gemma-4-31b,dataset,graphqa,6,0.02,0.0316667,0.0116667,0.00471698,0.0195035,0.001,0.0102778,0.00304697,0.01913
hf-deepseek-v4-flash,dataset,graphqa,6,0.0533333,0.085,0.0316667,0.0035461,0.0597484,0.0276,0.0155556,0.00644841,0.0255556
hf-qwen3-8b-nscale,dataset,erdos,6,0.188333,0.33,0.141667,0.106667,0.18,0,0.101181,0.0768056,0.127639
hf-deepseek-v3.1-novita,dataset,erdos,6,0.0283333,0.07,0.0416667,0.015,0.0733333,0.0006,0.0247222,0.00666667,0.0479167
hf-gemma-4-31b,dataset,erdos,6,0.005,0.0416667,0.0366667,0.01,0.0716667,0.0016,0.0222222,0.00416667,0.0466667
hf-deepseek-v4-flash,dataset,erdos,6,0.0566667,0.095,0.0383333,0.01,0.0716667,0.0056,0.0268056,0.00833333,0.0511146
hf-qwen3-8b-nscale,arm,direct/-,4,0.17,0.3675,0.1975,0.14,0.257957,0,0.160208,0.121867,0.201033
hf-qwen3-8b-nscale,arm,code/networkx,4,0.165,0.26,0.095,0.0633019,0.129105,0,0.0553125,0.0363166,0.0754784
hf-qwen3-8b-nscale,arm,code/native,4,0.0075,0.0875,0.08,0.0498864,0.1125,0,0.0427083,0.0250077,0.0635225
hf-deepseek-v3.1-novita,arm,direct/-,4,0.07,0.1225,0.0525,0.0275,0.079954,0,0.0227083,0.00944182,0.0376025
hf-deepseek-v3.1-novita,arm,code/networkx,4,0.01,0.035,0.025,0.00485849,0.049296,0.0166,0.0154167,0.00375,0.029954
hf-deepseek-v3.1-novita,arm,code/native,4,0.0025,0.035,0.0325,0.0125,0.055,0,0.023125,0.00784198,0.0408655
hf-gemma-4-31b,arm,direct/-,4,0.0225,0.035,0.0125,-0.008938,0.035,0.2486,0.0116667,0.00168513,0.0244654
hf-gemma-4-31b,arm,code/networkx,4,0.005,0.045,0.04,0.0192045,0.0633019,0,0.0258333,0.0105842,0.0436355
hf-gemma-4-31b,arm,code/native,4,0.01,0.03,0.02,0.0025,0.0403602,0.0252,0.01125,0.00125,0.0241667
hf-deepseek-v4-flash,arm,direct/-,4,0.09,0.1625,0.0725,0.0364345,0.111747,0,0.0385417,0.0195551,0.0597917
hf-deepseek-v4-flash,arm,code/networkx,4,0.04,0.0525,0.0125,-0.0125,0.037642,0.347,0.0127083,0.00166667,0.0258336
hf-deepseek-v4-flash,arm,code/native,4,0.035,0.055,0.02,-0.000283019,0.0417925,0.0646,0.0122917,0.00104167,0.0255862
